{
  "Grid 13\u00d711": {
    "cols": 13,
    "rows": 11,
    "column_positions": [
      91.0,
      147.0,
      259.0,
      360.0,
      462.0,
      523.0,
      617.0,
      727.0,
      864.0,
      936.0,
      1005.0,
      1078.0,
      1130.0,
      1153.0
    ],
    "row_positions": [
      19.0,
      61.0,
      136.0,
      191.0,
      247.0,
      299.0,
      335.74418604651163,
      384.58139534883725,
      475.2790697674419,
      498.5348837209302,
      552.0232558139535,
      650.8604651162791
    ],
    "page_width": 1190.52001953125,
    "page_height": 841.89599609375,
    "col_sizes": "",
    "row_sizes": ""
  },
  "Grid 10\u00d76": {
    "cols": 10,
    "rows": 6,
    "column_positions": [
      64.0,
      172.0,
      282.0,
      392.0,
      501.0,
      610.0,
      723.0,
      829.0,
      942.0,
      1053.0,
      1160.0
    ],
    "row_positions": [
      31.0,
      158.0,
      276.0,
      393.0,
      503.0,
      619.0,
      756.0
    ],
    "page_width": 1190.52001953125,
    "page_height": 841.89599609375,
    "col_sizes": "",
    "row_sizes": ""
  },
  "Grid 42\u00d747": {
    "cols": 42,
    "rows": 47,
    "column_positions": [
      66.0,
      87.0,
      109.0,
      137.0,
      153.0,
      174.0,
      210.0,
      228.0,
      256.0,
      268.0,
      293.0,
      314.0,
      341.0,
      373.0,
      414.0,
      451.0,
      495.0,
      521.0,
      540.0,
      588.0,
      624.0,
      660.0,
      685.0,
      709.0,
      731.0,
      747.0,
      780.0,
      794.0,
      807.0,
      836.0,
      860.0,
      894.0,
      927.0,
      958.0,
      980.0,
      1004.0,
      1040.0,
      1062.0,
      1085.0,
      1109.0,
      1135.0,
      1149.0,
      1163.0
    ],
    "row_positions": [
      27.0,
      37.0,
      59.0,
      80.0,
      92.0,
      99.0,
      121.0,
      135.0,
      147.0,
      158.0,
      192.0,
      204.0,
      227.0,
      236.0,
      251.0,
      285.0,
      304.0,
      313.0,
      323.0,
      337.0,
      347.0,
      359.0,
      364.0,
      372.0,
      388.0,
      436.2790697674419,
      447.90697674418607,
      466.5116279069768,
      487.44186046511635,
      508.3720930232558,
      522.3255813953488,
      532.5078566939032,
      535.1162790697674,
      540.9302325581396,
      559.5348837209302,
      567.6429918290384,
      573.0483972344438,
      609.5348837209302,
      617.6429918290384,
      632.5078566939032,
      664.9402891263356,
      674.3997485857951,
      686.5619107479572,
      717.6429918290384,
      740.6159648020113,
      740.6159648020113,
      752.7781269641735,
      762.2375864236329
    ],
    "page_width": 1190.52001953125,
    "page_height": 841.89599609375,
    "col_sizes": "",
    "row_sizes": ""
  }
}